Artist,Title,ISRC,Spotify ID,Deezer ID,Youtube ID
Domenico Modugno,Nel Blu Dipinto Di Blu (Volare),TCACS1657877,0SECl46T8opPOK8pOTHq28,134184508,7wWiC0e3b2I
Perry Como,Catch A Falling Star,USA370517760,6N1z0OZiXotykNxAXsn3aQ,4317177,_VJlHWESyLI
Peggy Lee,Fever,USCA28900304,2CeqxyOZEyiL6pTDYZ9gPH,3124340,JGb5IweiYG8
André Previn And His Pals,Gigi,DEA311607068,5XpT8otmoM7cHbpDwkYutf,423543142,hUoCY2e9zgU
Frank Sinatra,Witchcraft,USCA29901320,0H2uVxEEvuRRYLhowu78jf,3103532,oFmNgiEgPoQ
The Chipmunks,The Chipmunk Song (Christmas Don't Be Late),USEM39900131,02NKMA9cIkq6VuBNu9q9Wf,3252348,NPBCu_q6rMc
Johnny Horton,The Battle Of New Orleans,USSM19916424,0dwpdcQkeZqpuoAPYD49N3,540852,fU5ORT52qco
Frank Sinatra,High Hopes,USCA28800306,0U5nbtNkT53aslTdEBjpkF,3132194,Buq40brGDTY
Perry Como,I Know,USRC19900725,41mZHk5gTxsxpq336WhqDn,972553,CQpuMB1c20o
André Previn,Like Young,FRP621541710,08KvOnEwdLTrHls8rYPkYj,407595912,EZKzTMr1M5E
Johnny Mathis,Small World (Single Version),USSM10008384,0tOpuEpOX9Jl5fyA4WywdN,585845,Np_UwCeXm-E
Bobby Darin,Mack the Knife,USEW10000025,3E5ndyOfO6vFDEIE42HA8o,3613202,SEllHMWkXEU
The Browns,The Three Bells,USRC18805873,4s1RJFAKferfgn2bTi05SH,4253221,PQPii9YlnOk
Elvis Presley,"(Now & Then There's) A Fool Such As I (Master Recordings - RCA Studio B, Nashvilla Tennessee - June 1958)",GBHJP1000003,6UchssgOPc1CRx9qvjAGIb,11093871,iJ5LQb5PQsc
Ernest Gold,"Theme of Exodus (From ""Exodus"" Soundtrack)",FR6V82498364,7A7Bak9REa9pRZzohssUPi,78755934,wEPZ1ef2g_A
Jim Reeves,He'll Have to Go,USRN19500172,7DH5dXVuQaqcKf9oTy9oUN,547862,XcyQkwYkjkU
Frank Sinatra,Nice 'N' Easy,USCA21102126,6D9ZskVAhowskfJ9rsEVg7,74078699,e2dDijEJC_g
Andy Williams,"The Second Time Around (From the 20th Century-Fox Picture, ""High Time"")",USSM19911990,6FfdklO8R9Q1okEyGGUdaD,1080114,tRAxcFdyWSo
Percy Faith & His Orchestra,"The Theme from ""A Summer Place""",USSM19915945,6zwvB879PJSpTyFcg2wwnL,1065521,tSsiS-v6_6M
Elvis Presley,Are You Lonesome Tonight,USRC16005290,6vXZs9rEQF7Nd6O8Ue7NrT,92066338,9XVdtX7uSnk
Ray Charles,Georgia on My Mind,SEWDL6012012,4DEAiNBvq5yBy7NzpVc02h,71535088,fRgWBN8yt_E
Ella Fitzgerald,Mack The Knife,USPR36082209,4Th9bHssS6yaAbQbifN6T7,906626,bIYFrCC0WH0
Henri Mancini and His Orchestra,Moon River,FRS181448706,4VP4zsxYxmHgjET0EY1WR6,80907456,WZ8j-X1hq1I
Jimmy Dean,Big Bad John,USSM16101330,61uAY9xdzYiIbYJ07XvKso,586647,KnnHprUGKF0
Burl Ives,A Little Bitty Tear,USMC16148582,2pKxKNBwBnmfIfTOfRhtef,1167820,M3yKMWaaD9o
Jack Jones,Lollipops And Roses,USMC16105915,67JIfYdnRNXSSP1uPRmE2j,2801094,9EAELtJgD6A
June Christy,Make Someone Happy,USCA29601417,68PsKYgtYIocauE5El1gS3,3516650,oFJgFBWNwT8
Frank Sinatra,The Second Time Around (Album Version),USRH10800803,2MfNXoj8DThCX8JmzKv2Ee,71245072,flj80JytK-Q
The Dave Brubeck Quartet,Take Five,USSM15900108,1YQWosTIljIvxAgHWTp7KP,537085,rqCUX3D3cnE
Si Zentner and His Orchestra,Up A Lazy River,USUM71815696,3H4GdSW244rmm77GYW8IXV,593689592,8eCwFFIh-YI
Sammy Davis Jr.,What Kind of Fool Am I,USRE16100004,2ChoPgCQ88DGEDFBwFgZlo,3083603,lVchmf4M88s
Shirley Bassey,As Long as He Needs Me,GBAYE6000064,2pKjzyIfQbCV2TxBuAPaKf,3170646,-vmGoiP1P6w
Tony Bennett,(I Left My Heart) In San Francisco,USSM19909797,1bYItjcPRtxZs6Ir71O5RB,15196445,SC73kdOL5hk
Sandy Stewart,My Coloring Book,UK4YS1353549,0RTjNnn2ZSonWfbwruowDD,74973104,QkTGbWZdGGg
Chris Connor,The Sweetest Sounds,DES201879618,32Id7tgewoLrrpPIF3usr8,452792132,ngCfGn5fTVY
Stan Getz & Charlie Byrd,Desafinado,GBDAG1501577,7dekurG8hHRB6NRwg5KqMK,112085516,TFZvzRLPb5E
Joe Harnell His Piano And Orchestra,Fly Me to the Moon,DEBL60563434,5NJbcoswMblQuKggmi2fWl,72526603,7NgQkSscF9I
Ray Charles,I Can't Stop Loving You,USC4R0919286,79nJj5dMyTsUzKvN5jUXsJ,634440642,w-YqaTDDCDM
Henry Mancini & His Orchestra And Chorus,Days Of Wine And Roses (1988 Remastered),USRC18805773,6zvTY90KuWKBvQaOowAcq5,6719426,9TpvTEb4BaQ
Frank Sinatra,Call Me Irresponsible (Album Version),USRH10800811,2deirpu84Kjxi7eT2aOyCD,71245090,4FiEV3tbXvk
Tony Bennett,The Good Life,USSM16200003,4MVvSNPOUd2z70vkkNCbLr,2464621,zJ82mHBtrc8
Tony Bennett,I Wanna Be Around... (Album Version),USSM16200010,1smChL3Aq1U9DZA83LuDtp,2464677,4ml_V7HNIsY
Jack Jones,Wives And Lovers,USMC16306754,33yeTx321qQCaLyh2nE6BY,908630,rZ7WT02wFOk
The Singing Nun,Dominique,USBT21612830,5tYNc5FJfBq2NfkjV2EubB,537744572,wIG_GRebHO4
Barbra Streisand,Happy Days Are Here Again,USSM11807112,5ZsrdNqT7oHDTD85XvDVD9,572819002,QLik_SdEm6Q
Louis Armstrong,"Hello, Dolly!",USMC16446509,1ahQsOwEQMuqh7DgUvYSGN,392389072,XurWUn5_S_E
The Beatles,A Hard Day's Night,GBUM71505887,1pctwlBtIcKIjQMzsVcGHB,116348602,AMSiHdrHl0g
Andy Williams,Dear Heart,USSM16401329,2UZguKNuMoOO5cBdi7ziZq,611644,fo6J--x-M7s
Barbra Streisand,People (Album Version),USSM10001371,0AfseROXCjDFXudJKAH0Zc,848107,D8L-lrqm1vk
Tony Bennett,Who Can I Turn To (When Nobody Needs Me),USSM16400200,4miqq8y0rByS4rwatQLDS8,70595010,95dANDYwcms
Stan Getz,"The Girl From Ipanema (From Get Yourself A College Girl M-G-M, 1964)",UST1C0100224,3fZ1vLvzCB4iex1XuZuupd,7300941,8PYKOo_jgJo
Petula Clark,Downtown,FRZ196400510,4AK7JaKbg3LLVszqndBXOF,2244056,z_m4Qb0iW-o
The Beatles,I Want To Hold Your Hand,GBUM71505904,4pbG9SUmWIvsROVLF0zF9s,116348598,v1HDt1tknTc
Tony Bennett,The Shadow of Your Smile,USSM16500191,6KcKUWhMNmiPATFmc0TGMu,70595018,mP2ZaQ7Wq24
Connie Francis,I Will Wait For You,USUM71111269,56GQiDRzajap3E4LmuvjF6,56008851,Mi57d50pCUw
Frank Sinatra,The September Of My Years,USRH10800869,7aEqYB9fGCGtq8aYL6ugQU,70835102,oD87obuUgUk
The Beatles,Yesterday,GBAYE0601477,3BQHpFgAp4l80e1XslIjNI,116348164,fCV9oqtwyVA
Roger Miller,King Of The Road,USJGN0801107,3ddVMNawf9ti6vqFeZ6rQi,3629138,7HBQFjoqDYE
Herb Alpert & The Tijuana Brass,A Taste Of Honey,QM4221500056,6gJyJsLvGVCQane5HVV9rC,113577326,eFEqhlGWVXk
Ramsey Lewis Trio,"The ""In"" Crowd",USMC16546131,3PLeKRzAKM8fQBwFcsc1nE,906631,--3tyzPT7XA
The Beatles,Michelle,GBAYE0601485,5By7Pzgl6TMuVJG168VWzS,116348180,WoBLi5eE-wY
Andy Williams,Born Free,USSM10019604,6NpQDcFRSuBPGoyiEvxyBX,1080633,RZHaQ3C3xQo
Richard Kiley,The Impossible Dream,USUMC0400234,2hTSIHAcpi8OtOVu52uzRA,4276168,ViBxOEegiuU
Ray Conniff & The Singers,"Somewhere, My Love (Lara's Theme from ""Doctor Zhivago"") (Album Version)",USSM19916527,1IYn7ytdb8byvHKS7S3Cat,849869,1thos17eJ0c
Frank Sinatra,Strangers In The Night,USRH10800935,74VR3AkGPhbYXnxcOYa16x,70835195,h5h_EW4odWw
David Houston,Almost Persuaded,USG4X1600188,2Krnm3qWdy4VG5vTkT0cDn,129635316,RHpBMOrgvco
The Mamas & The Papas,"Monday, Monday",USMC16546367,3EFb1qDgIqf9MegIryKtDj,906555,gf6X_OZiOwk
Herb Alpert & The Tijuana Brass,What Now My Love,QM4221500186,5QlPl0Lak7dPF2PBpZcnyV,113576386,dKh-oGdBkAc
New Vaudeville Band,Winchester Cathedral,GBQRF0707128,55gmQUKsapiYVmiz4NyC0J,5735122,HKaSWDJyTLE
The 5th Dimension,"Up, Up and Away",USAR10001689,3JdToGxgvH9SnO1a605Ztr,2796100,2qdCuzjAGmA
Glen Campbell,By The Time I Get To Phoenix,USCN16700004,70j0WNzSnNVEu5GWtjdPVM,3156146,7y1hrOpVGKE
Ed Ames,My Cup Runneth Over,USRC10100371,40BvPdq2rwYIoioUgjKHoK,959830,xvaQisHV8jw
Bobbie Gentry,Ode To Billie Joe,USCN18900028,4FdDorlbJTVHcH3djLbIfn,3102672,-_E3UIeZUCs
Glen Campbell,Gentle On My Mind,USCN18700047,4qqp9sYSXzTAGfCIdgVYWI,3156147,mfMnNqn-hKg
Frank Sinatra,Somethin' Stupid (Album Version),USRH10800988,4feXcsElKIVsGwkbnTHAfV,71068126,0f48fpoSEPU
O.C. Smith,Little Green Apples,USSM10107178,5VKdlRg4PXPh8H1cpGo16C,1029251,B6UJOb4oVfU
Jeannie C. Riley,Harper Valley PTA,DEBL61216124,0AGXcz16aYiVyBCRkplIg8,17062806,EHhDtwSZWYs
The Beatles,Hey Jude,GBAYE0601566,1eT2CjXwFXNx6oY5ydvzKU,126848613,bkApuQWCPdM
Bobby Goldsboro,Honey,USCN18800065,7KkmPCj7Eh9tCD7bF5H2yh,3104209,ZuuH2lnyizM
Simon & Garfunkel,Mrs. Robinson (Single Mix),USSM10026443,3CJ60azPXtva8OdBsxSA7a,13142408,9C1BCAgu2I8
Glen Campbell,Wichita Lineman,USCN10100759,6V9VCm1zOY2lGR80RehJ9i,3167207,Q8P_xTBpAcY
Joe South,Games People Play,USCA28800067,50t8gshcAtXiUdk7nHfYDp,3159158,vDeVonv3kY0
Henry Mancini,Romeo and Juliet (Love Theme),USRDG0112801,3YONvyf0FsWadbA8l9fzrH,1237539,GIWV7ReKYAk
"Blood, Sweat & Tears",Spinning Wheel (Single Version),USSM16800972,2Q9RPgKF1H2Uf2M9rjS6R6,848023,SFEewD4EVwU
Dionne Warwick,I'll Never Fall in Love Again,USWSP0000062,1MHgV79MSYE6ymNlGa3bRY,723120,tbBD_pDLv_o
B J Thomas,Raindrops Keep Falling On My Head,GBJUT1014431,7a9uRVfAZn74qHOFbQEiHN,14493488,hziG9Nr6KHU
The 5th Dimension,Aquarius / Let the Sunshine In (Remastered),USAR16900002,4z7TuXkZm79m9vkPklnuqu,1045837,06X5HYynP5E
Johnny Cash,"A Boy Named Sue (Live at San Quentin State Prison, San Quentin, CA - February 1969)",USSM10605606,4VkgY55sUbfszX3XjS3LxW,15436417,_Gbtm-93oqE
Peggy Lee,Is That All There Is? (Remastered),USCA29700368,1lfgMTtRomZmt8LKG1uFvg,3168733,3sWTnsemkIs
Simon & Garfunkel,Bridge Over Troubled Water,USSM16900808,6l8EbYRtQMgKOyc1gcDHF9,998966,H_a46WJ1viA
Ray Stevens,Everything Is Beautiful,NLG620401792,2uDqOhc5aV2rGbC4O9Oktw,10731724,vTfoY4g0GZM
James Taylor,Fire and Rain,USWB19900191,3LcYYV9ozePfgYYmXv0P3r,725235,N8u8tASPtwg
The Beatles,Let It Be,GBAYE0601713,7iN1s7xHE4ifF5povM6A48,116348656,HzvDofigTKQ
Carpenters,We've Only Just Begun,USAM17000368,7nXZCcFAy1oCKQG2SqLszv,1126585,8JgEptmz_eE
Carpenters,(They Long To Be) Close To You,USAM17000373,2kyVQg00pphEufGT59M2XH,2964244,tT86AoSGEL8
Carole King,You’ve Got A Friend,USHC41001680,4VARbg9JGQXxc3HBEv1Oy4,68945966,FdPAjKkU8u0
Kris Kristofferson,Help Me Make It Through the Night,USSM10303242,3detkaivjSPy5ZSRfCkTXK,531942,CksF7Kr7Drw
Perry Como,It's Impossible,USRC17004669,25kie23uR82ODVmfMQJOJ2,632295,tMMHCI44oYs
Janis Joplin,Me and Bobby McGee,USSM17000790,1IqFh00G2kvvMm8pRMpehA,1040945,sfjon-ZTqzU
Lynn Anderson,(I Never Promised You A) Rose Garden (false),SEWDL9879523,0sL0wMjwLoL8C02SSnTEjY,120598460,KXHsWBKKNbI
Carole King,It's Too Late,USSM17100509,12q3V8ShACq2PSWINMc2rC,94956330,VkKxmnrRVHo
Three Dog Night,Joy To The World,USMC17047804,1VZ04sZSpTet7wVMyZphA8,2510548,kyI1OImD7ow
George Harrison,My Sweet Lord,GB77R1400026,0qdQUeKVyevrbKhAo0ibxS,84791527,SP9wms6oEMo
Isaac Hayes,"Theme From ""Shaft""",USFI87100103,4aCn63qT3z7BmXHvDcOxSw,2191765,Q429AOpL_ds
Roberta Flack,The First Time Ever I Saw Your Face,USAT20107944,0SxFyA4FqmEQqZVuAlg8lf,14615239,VqW-eO3jTVU
Gilbert O'Sullivan,Alone Again (Naturally),GBEQJ0400002,4lHQCzdK3VdYQvQZnnRouG,143048960,8ELnhjGw4Zs
Don McLean,American Pie,USEM38600088,2QgWuCtBpNIpl5trmKCxRf,3156285,iX_TFkut1PM
Neil Diamond,Song Sung Blue,USUG11400705,57KfogSy3eKuk5JHLKwCJv,80092812,1cqy4bmYOBI
Michel Legrand,"The Summer Knows (From ""The Summer of '42"")",USA371653666,2g6htvVIAA9Ba5nphXiF62,16898441,ez26Y0cM1rM
Harry Nilsson,Without You,USRC17108362,7vqubB6rY1NpGVGpHYobbQ,2242378,G-ZDKirjQgM
Roberta Flack,Killing Me Softly with His Song,USAT29901394,3gsCAGsWr6pUm1Vy7CPPob,14615242,l2n167F0eBc
Charlie Rich,Behind Closed Doors (Album Version),USSM19928830,4NRFiS0pHjTFDjOm1LWTZj,853786,WHaLjPP4bok
Stevie Wonder,You Are The Sunshine Of My Life (Album Version),USMO17282852,0n2pjCIMKwHSXoYfEbYMfX,910212,SbenaOqv4yQ
Carly Simon,You're so Vain,USEE19900883,2DnJjbjNTV9Nd5NOa1KGba,688346,cleCtBP0o5Y
Dawn,Tie a Yellow Ribbon Round the Ole Oak Tree (Digitally Remastered 1998),USAR19800305,12UzVR0M7asW2MHAZRJk0I,861018,PxG9XFqHSFw
Jim Croce,"Bad, Bad Leroy Brown",GBAJE7100650,1O0xeZrBDbq7HPREdmYUYK,143039242,QvwDohEEQ1E
Barbra Streisand,The Way We Were,USSM10024187,1vZTgn4JXWMahR8r99ug5H,626294,BJjVlEG8WHM
Roberta Flack,Feel Like Makin' Love,USAT20001177,7gkboYtvhuXNS4EUwmFPcw,9803858,ySlLq9t2qgc
Olivia Newton-John,I Honestly Love You,USMC19701253,2kCIwSz0JoYQPrT4Ykr1MZ,96063476,bCcKg2asm9k
Maria Muldaur,Midnight at the Oasis,USRE10100264,63Nj3NsQkLQs2MKgWk1Di6,672669,3gKnnb24Eso
Helen Reddy,You And Me Against The World,USCA28700813,26WupilYCvGn1OEX2CqKjN,3127732,4sPgu3nGDrk
Elton John,Don't Let The Sun Go Down On Me,GBAMB9500047,11FcfHd3SOmmrWJPGe7Y30,1124119,QxuqWG-Hxgo
Joni Mitchell,Help Me,USEE10001275,0tVzXGFyNPusa1VkHmYDLd,675084,XOEE-kR-Txg
Judy Collins,Send in the Clowns,USEE17500004,3evTbfCtMxbUwTQIn7QOcG,754152,8L6KGuTr9TI
Janis Ian,At Seventeen (Remastered),GBARL1700749,1N0ChshCrLh8qqD3yWsg72,398706472,In76XE4N_9w
Morris Albert,Feelings,BREMI7700081,6OfAaE2skMyNtZtzhlpA5q,3329834,EbLBmru7BoM
Captain & Tennille,Love Will Keep Us Together,USAM17500299,4pCNJwixy2ImFncaPY2yE2,906612,0aU57V6VBW0
Glen Campbell,Rhinestone Cowboy,USCN18600038,0VwTeYNjcl30DyQlt3GPe0,3156144,zH24TOGX374
Barry Manilow,Mandy,USAR17400164,6iXQrhhgBisdfvS34EMTZ3,548250,aGfcD5qycQY
Eagles,Lyin' Eyes (2013 Remaster),USEE11300348,1MgDXY89MOoohMeaMoHaED,68094426,5-NlR54PqLw
Barry Manilow,I Write The Songs,USAR10700437,5VU6nvX3BqkqBmOJ2d9vhW,13166816,934QpLtK05s
Starland Vocal Band,Afternoon Delight,USRZR0491708,5Yq58BC5k14EVUJ63cmg8g,6259905,MFxHqdBRkmQ
Neil Sedaka,Breaking Up Is Hard to Do,USRC19901068,2x6pbpjVGjiWCcH89IK8AX,546837,2M584bP_FeE
George Benson,This Masquerade (Remastered Version),USWB10201611,7uhOlFq30tYkUZ70JwbRre,710688,qRK1thBLVbk
Gordon Lightfoot,The Wreck of the Edmund Fitzgerald,USRE10901163,536L9C0N7vhYdibCJx3cI2,3822150,PH0K6ojmGZA
Paul Simon,50 Ways to Leave Your Lover,USSM11002304,6Qb7gtV6Q4MnUjSbkFcopl,6581143,ABXtWqmArUU
Chicago,If You Leave Me Now,USRH10285535,0KMGxYKeUzK9wc5DZCt3HT,3616306,h2ctzDAREDI
Barbra Streisand,"Evergreen (Love Theme from, ""A Star Is Born"")",USSM10001384,2IcqY68BxP1ONPi3ME6aje,626043,feXxH-oftuo
Debby Boone,You Light Up My Life,USCRB9900460,3dFR132gzO8jxD57R2gid3,75768228,AOShEUn0aA4
Crystal Gayle,Don't It Make My Brown Eyes Blue,USCN17700057,7Jpclr7tZ6aQXjoKzWXUJV,3123467,uAVsi_ieztE
Eagles,Hotel California (2013 Remaster),USEE11300353,40riOy7x9W7GXjyGp4pjAv,68097787,oW4sD12V4u8
Carly Simon,Nobody Does It Better,USMG27700012,49RUdNvwSiUTC8fBh4KKoC,3169698,uWWwKDttHnM
Glen Campbell,Southern Nights,USCN17600069,7kv7zBjMtVf0eIJle2VZxn,3232729,arFyd1A5-uM
Linda Ronstadt,Blue Bayou,USEA20100040,3zxklD2EGecZre9MjEEvIU,3919443,_qqvdOwoN-Y
Billy Joel,Just the Way You Are,USSM17700371,49MHCPzvMLXhRjDantBMVH,988630,HaA3YZ6QdJU
Bee Gees,"Stayin' Alive (From ""Saturday Night Fever"" Soundtrack)",NLF057790034,79hJaqmVdohltPBNN6BULM,96931360,fNFzfwLM72c
Commodores,Three Times A Lady,USMO17800521,4kaBnHk9bo1x9NlxU4Q2hG,906611,3qTPVS1uiQ0
Neil Diamond,You Don't Bring Me Flowers,USUG11400770,7qmqeHzgNQTOnl1NUgRFO4,79835514,Z3yu2c-0_w4
Anne Murray,You Needed Me,CAE157800006,5d4E1hgkLyb7sXr5J3InnM,3131385,-X79Jko9bBI
Gerry Rafferty,Baker Street,GBAYE7800619,5gOd6zDC8vhlYjqbQdJVWP,3169189,Fo6aKnRnBxM
Chuck Mangione,Feels So Good,USAM17700535,2M7EflZCPCqqRLB9hy5MDy,2233749,rXPaEm-Y3Wg
The Doobie Brothers,What A Fool Believes,USWB10902441,2yBVeksU2EtrPJbTu4ZslK,3821913,exnHAdopRxA
"Earth, Wind & Fire",After The Love Has Gone,USSM19801712,3cfnGXJ9bmiWvFqEO6ff8B,6596823,CUCLNPOjPZw
Rickie Lee Jones,Chuck E's in Love (45 Version),USWB10808491,7jpebTuCDaKTKA1w1wtqGw,4118794,OeWKfVkNla4
Billy Joel,Honesty,USSM17800447,34E0Higz6fFVXlbVsn6TIW,548688,R4gOIt-M02A
Gloria Gaynor,I Will Survive,GBQRF1119471,5xdlnf7VOBlgoO6ckL4qSC,18235563,FHhZPp08s74
The Doobie Brothers,Minute By Minute,USWB10902442,37oLDb3119IdKSIFQmSGRj,3821914,Rq-7NgH-hcs
Peaches & Herb,Reunited (Album Version),USPR37807173,7gfh3jwjaSmGlB40uTMSeE,62990101,Bu3OQFCsKXQ
Kenny Rogers,She Believes In Me,USCN18700035,5ggOAMsJCAYDHnyoqJ0xAD,3108443,FE19WzuQ4J0
Kenny Rogers,The Gambler,USCN17800055,5KqldkCunQ2rWxruMEtGh0,3108438,7hx4gdlfamo
Christopher Cross,Sailing,USWB19901344,6Hu6dzwlvoyg3zBUC8k4BK,765424,IST-GfqUwDA
Irene Cara,Fame,USNLR1200531,7yBl8YmvcgwwYlazJcvowE,647797132,ynZCDm0IEVM
Bette Midler,The Rose,USAT29901582,562JrM9b7jiu8LgzV62x3o,3616253,FzJMIUhFw7Q
Kenny Rogers,Lady,USCN18000041,5kVkKUQQIMVySlDkGw5MvF,3155057,Pq96IgKLf_k
Frank Sinatra,"Theme From New York, New York",USRH10723042,4ODWgs1CVAZKDbryEodjiz,71483080,gHPiIfEoy2Y
Barbra Streisand,Woman in Love,USSM10006441,1pTGc8pwyo6xtgXBKCBcFn,1081096,hQLGCX8D-1Y
Kim Carnes,Bette Davis Eyes,USCA28100081,0odIT9B9BvOCnXfS0e4lB5,3153065,BJ1dHM1ocIw
Christopher Cross,Arthur's Theme (Best That You Can Do),USWB10800109,5fnOrhQ4KgT5irGCjIccGH,3872734,WOBHXxiZyZM
Lionel Richie,Endless Love,USMO18190008,6QxgfimsVDPepssZtFrseb,906584,Qr_XIALxgbI
"Grover Washington, Jr.",Just the Two of Us (feat. Bill Withers),USEE19901162,1ko2lVN0vKGUl9zrU0qSlT,3085246,6POZlJAZsok
Dolly Parton,9 to 5,USRN19400384,4w3tQBXhn5345eUXDGBWZG,992937,E4OzdyxbOuU
John Lennon,(Just Like) Starting Over,USTO11000015,5y0YreEOnQiKFAnCrcFIXz,7163150,pZCxyOcvp5A
Willie Nelson,Always On My Mind,USSM18100410,2xYQTU2bbg6WVAmpY1eae4,861066,opwOBtgw-nw
Stevie Wonder,Ebony & Ivory (Album Version),USWWW0138280,2R8ncHgg85dC4n54HFpxS6,99407270,ycRnO-nECNw
Toto,Rosanna,USSM18200245,37BTh5g05cxBIRYMbw8g2T,1079628,K2O9ryz7Eik
Survivor,Eye of the Tiger,USVR19600010,2KH16WveTQWT6KOG9Rg6e2,576431,FLZS3jQPnKw
Donald Fagen,I.G.Y.,USWB18200007,6bzwsAtj4TqaBysLDrGiO3,3858836,sogYgHlNnqo
Joe Jackson,Steppin' Out,GBAAM8200001,0tBTnrMcc91qKP9dHqhsS7,876934,PJwt2dxx9yg
Vangelis,Chariots Of Fire,NLF058190002,3hBgVOpgET0AGtdwc5D8Qy,2521398,8a-HfNE3EIo
The Police,Every Breath You Take,GBAAM0201110,5C0LFQARavkPpn7JgA4sLk,1177883,OMOGaugKpzs
Lionel Richie,All Night Long (All Night),USMO18390005,4czNORk5MjW5WOn98bki32,906588,5sBGUyUnqwM
Michael Jackson,Beat It (Single Version),USSM19902990,1OOtq8tRnDM8kG2gqUPjAj,555640,XDD9LpLyGiQ
Michael Jackson,Billie Jean,USSM19902991,5ChkMS8OtdzJeqyybCc9R5,555641,2Ss38PCpwtA
Michael Sembello,Maniac,USPR38302462,0QKfiqpEU4h9ycPSzIFwYe,1166978,6GCNUeTFSbA
Irene Cara,Flashdance...What a Feeling (Radio Edit),CAU118300354,3cbV252akVZInSvJk7jAYX,62419007,ILWSp0m9G2U
Tina Turner,What's Love Got to Do with It,USCA28400002,6FcQD1qOpqV8NdhY45sKyI,3120266,Mh3h9DNHNOM
Phil Collins,Against All Odds (Take a Look at Me Now) (2016 Remaster),USRH11603367,63CHa6rmamv9OsehkRD8oz,134036230,CkGg1bzfSys
Lionel Richie,Hello,USMO18390012,6HMvJcdw6qLsyV1b5x29sa,918048,84RxK4N1wfE
Stevie Wonder,I Just Called To Say I Love You (Single Version),USUMG9900476,6RNDeRnWsRMjPdNVgupZCs,910262,1bGOgY1CmiU
Cyndi Lauper,Time After Time,USSM18300650,7o9uu2GDtVDr9nsR7ZRN73,608756,VdQY7BusJNU
Chicago,Hard Habit to Break (2006 Remaster),USWB10603148,3Tows9RnoAq9CmMJaII2cO,674271,b7MwgByxPs8
Cyndi Lauper,Girls Just Want to Have Fun,USSM18300548,4y1LsJpmMti1PfRQV9AWWe,608758,PIb6AZdTr-A
Huey Lewis & The News,The Heart Of Rock And Roll,USNPD1226518,2HWWCo3JcQa74DRPPciNTM,67753852,M7JVlpm0eRs
Bruce Springsteen,Dancing In the Dark,USSM18400416,7FwBtcecmlpc1sLySPXeGE,15586246,129kuDCQtHs
U.S.A. for Africa,We Are The World,US25T8511672,3Z2tPWiNiIpg8UMMoowHIk,11118881,mIqhl0rH0Wc
Dire Straits,Money For Nothing,GBF088500674,31DvHUCSioX0JD7B4kZMJ9,880940,JRDgihVDEko
Don Henley,The Boys Of Summer,USGF18502601,4gvea7UlDkAvsJBPZAd4oB,3977905,QWT90HzLF3U
Paul Young,Everytime You Go Away,GBBBN8500005,1Wvl2q8WYfHGyFnpxmv9op,605138,nfk6sCzRTbM
Foreigner,I Want to Know What Love Is,USAT29900662,1JLn8RhQzHz3qDqsChcmBl,675818,raNGeq3_DtM
Huey Lewis & The News,The Power Of Love,USCH39100005,3tMW1Zbt9Z6cnEBO0HSZ5t,98284268,xiLr0Sz-tKI
Bruce Springsteen,Born in the U.S.A.,USSM18400406,0dOg1ySSI7NkpAe89Zo0b9,15586213,lZD4ezDbbu4
Dionne Warwick,That's What Friends Are For,USAR18500220,6BtmjWXmjcxK9B7tBZcrts,1080922,HyTpu6BmE88
Peter Gabriel,Sledgehammer,GBCPB1200864,029NqmIySn1kOY305AAhxT,540503442,KkiqTmwEQ-U
Robert Palmer,Addicted To Love,USUMG9900746,1xBZEEpCBic1hVpRiIEL5Q,907802,wEBANKFGqkw
Steve Winwood,Higher Love,GBAAN0201051,17Ng10tIgnYmAitl0SgT3R,906593,k9olaIio3l8
Paul Simon,Graceland,USSM11002255,51KKQAgYFoJHgVIuJWHdHb,6599476,H9M4XJXnCcw
Whitney Houston,Greatest Love Of All,USAR18500139,6yJxCltgtmGxIgKOS6ndnu,969204,IYzlVDlE72w
Los Lobos,La Bamba,USWB10900778,6uU5OBhGUE1ngSKDj4wtoq,6629399,nLAWPrCUQQ0
U2,I Still Haven't Found What I'm Looking For,GBUM70709783,72AO8u6lcjKp0CBeaPZT8I,912481,fo2Q-YH6vow
Suzanne Vega,Luka,USA6W1025201,3CeXl5AGvmRDP6RSGAbLUV,134953042,AV0ffQcwKzY
Whitney Houston,Didn't We Almost Have It All,USAR18700115,19wadMw1A8XejDV4p5wMt1,970419,WVw3cyseR10
Steve Winwood,Back In The High Life Again,USWWW0126212,7byGdkcphPA1ovkas0OBFr,20662441,Adw772km7PQ
Bobby McFerrin,Don't Worry Be Happy,USEM38800361,4hObp5bmIJ3PP3cKA9K9GY,3127387,d-diB65scQU
Anita Baker,Giving You the Best That I Got (Single Version),USAT20200800,5BjZ8PqQLy42KHAhtPcnBN,3607755,gKGj8XwooYQ
Tracy Chapman,Fast Car,USEE10180719,2M9ro2krNb7nr7HSprkEgo,2271563,AIOAlaACuv4
Sting,Be Still My Beating Heart,USAM18700039,7dZi0va7CujeCp8zReFWcy,922099,Ng4P6FWVdcE
Brenda Russell,Piano In The Dark (Album Version),USAM18801284,7esAUabV6rHcj76syr32Uf,909615,H7u5GtSIC5k
Michael Jackson,Man in the Mirror,USSM18700004,50mf5MGiYq7C4bw1vAj2Ls,67845652,PivWY9wn5ps
Steve Winwood,Roll With It,GBAAA8800199,2QlPByrmEO9XciNBXCrawR,3259841,MoGHGaN_HQs
Bette Midler,Wind Beneath My Wings,USAT29900553,4ErUhFToT1yX52MeHqH8OY,3616256,jorJh8DTMVM
Linda Ronstadt,Don't Know Much (with Aaron Neville),USEE10170735,5z3ZDMP02xF33yCvPFnct3,5093839,WmuJ0us63GQ
Don Henley,The End Of The Innocence,USGF18921701,1vTVvufQJPKUzrcEOVK1g9,3977909,lIn3qxvbffw
Billy Joel,We Didn't Start the Fire,USSM18900217,3Cx4yrFaX8CeHwBMReOWXI,626123,eFTLKWw542g
Mike + The Mechanics,The Living Years,GBHJD8800002,4YBIuDWPsVy9pXLCUBORZN,140521373,uGDA0Hecw1k
Fine Young Cannibals,She Drives Me Crazy,USRH10901907,4d6eqRtpDX7tydHJGDZUBQ,428850812,UtvmTu4zAMg
Bette Midler,From a Distance,USAT20000391,48eiLW57CqSmCYNZRM2J8M,3616249,lN4AcFzxtdE
Mariah Carey,Vision of Love,USSM19000412,0gLQ6jhJsyYfl7PrD1RZ7X,596011,tov22NtCMC4
Phil Collins,Another Day in Paradise (2016 Remaster),USRH11602150,1NCuYqMc8hKMb4cpNTcJbD,125493154,Qt2mbGP6vFI
Sinéad O'Connor,Nothing Compares 2 U,GBAYK9000017,3nvuPQTw2zuFAVuLsC9IYQ,9438672,0-EF60neguk
Wilson Phillips,Hold On,USSB29000002,4VZDv8sASBS8UruUBGTFdk,3090950,uIbXvaE39wM
MC Hammer,U Can't Touch This,USCA29000294,1B75hgRqe7A4fwee3g3Wmu,3090793,_NNYI8VbFyY
Nat King Cole,Unforgettable,USEE19100030,2z2k83Vs7W1JtUNm9OOQlv,3095193,UZVJT1I-kCE
Bryan Adams,(Everything I Do) I Do It For You,USAM19190012,1Eb90nmqTrxylKFhcUzW8P,1172330,7u-L243mzfI
Amy Grant,"Baby, Baby",USSP30765178,3IDsegNBHC4pjGCOMTQYlU,3145500,vMXuuYnoRdI
R.E.M.,Losing My Religion,USC4R1605373,31AOj9sFz2gM0O3hMARRBx,136334560,xwtdhWltSIg
Marc Cohn,Walking in Memphis,USAT29900737,5fgkjhICZnqFctrV0AyuQD,675175,YFEB9xLeLmY
Bonnie Raitt,Something To Talk About,USCA29100117,6Ceejf3zBXvAhIY9DbP1Pr,3151932,xRL9TbH3s8U
Eric Clapton,"Tears in Heaven (Acoustic; Live at MTV Unplugged, Bray Film Studios, Windsor, England, UK, 1/16/1992; 2013 Remaster)",USRE11300314,612VcBshQcy4mpB2utGc3H,71218242,JxPj3GAYYZ0
Billy Ray Cyrus,Achy Breaky Heart,USPG19290113,2EoIt9vdgFRNW03u5IvFsQ,921154,byQIPdHMpjc
Céline Dion,"Beauty and the Beast (from the Soundtrack ""Beauty and the Beast"")",USLIC0601944,7B3UAPLYAbwXVgbHSKEaTw,1015513,pgYEJHJXFB4
k.d. lang,Constant Craving,USNO10900460,0wCrg1LhgPcGMw51qqpI6k,5414332,oXqPjx94YMg
Vanessa Williams,Save The Best For Last,USPG19190052,4SNJqELEbMqGWydQQMycco,905590,5EdmHSTwmWY
Peabo Bryson,A Whole New World (Aladdin's Theme),USWD10110154,5DHEyKgMyfDnAFMa6Rpe6o,3117935,PmvT7B3u7II
Billy Joel,The River of Dreams,USSM19300280,30qVCFYKBtAENjTIBA8FPZ,548676,hSq4B_zHqPM
Meat Loaf,"I'd Do Anything For Love (But I Won't Do That) (Live From The Beacon Theatre, New York, U.S.A./1995)",GBAAA9500155,6fqLce5TNAmNgbFwXD2DdG,12819988,9X_ViIPA-Gc
Sting,If I Ever Lose My Faith In You,GBAAM9390001,0DWT8AXISiArqAw4Lk1Edx,922119,7km4EHgkQiw
Neil Young,Harvest Moon,USRE19900694,5l9c6bJmzvftumhz4TMPgk,677484,n2MtEsrcTTs
Whitney Houston,I Will Always Love You,USAR19200110,4eHbdreAnSOrDDsFfc4Fpm,2244121,3JWTaaS7LdU
Bruce Springsteen,Streets of Philadelphia (Single Edit),USSM19303834,3fbnbn6A5O5RNb08tlUEgd,15590617,4z2DtNW79sQ
Sheryl Crow,All I Wanna Do,USAM19300013,3ZpQiJ78LKINrW9SQTgbXd,922014,hgmBaE1cqD4
Elton John,Can You Feel the Love Tonight,USWD10220758,32RxZnEk5KyWUTZR4azxbD,3117869,KjgWWjkNbhU
Elton John,Circle Of Life (Remastered),USWD11780910,1t055EdeL1r5DfORFy0UXX,424867792,IwH9YvhPN7c
All-4-One,I Swear (Duet with John Michael Montgomery),QM4TW1512156,7jaVJCluuhl7sULtr2EMLZ,100662044,fpLIZv4ZD6A
Boyz II Men,I'll Make Love To You,USMO19400340,7dfl9X38RhIvB3oSmmneq3,906609,fV8vB1BB2qc
Mary Chapin Carpenter,He Thinks He'll Keep Her,USSM19200390,7zV7ij696h7hsLqFNpXPz2,830556,r0ajB0lkKZM
Bonnie Raitt,Love Sneakin' Up On You,USCA29400125,1UtxIyLkTt7iR5TcWLt8IT,3151935,jG_Ii8_J9xg
Seal,Kiss from a Rose,USWB19900917,3YKptz29AsOlm7WAVnztBh,730428,w7y19ED6Vrk
Joan Osborne,One Of Us,USPR39500200,1xNmF1Uep5OGutizZSbKvd,910230,USR3bX_PtU4
John Michael Montgomery,I Can Love You Like That,USAN10000027,19lw4C2aW6TYvxqRsek2Kd,2812293,fTNjQPiVHDI
Michael Jackson,You Are Not Alone (Single Version),USSM10503693,3KtIVDOChQMVi3SxHc6RrK,79653712,ito5ELbyyxs
Alanis Morissette,You Oughta Know (2015 Remaster),USMV21500002,3jS7bB0oXVOwGFZn3aE5NV,109843288,NPcyTyilmYY
Mariah Carey,One Sweet Day,USSM19501117,6bfXGFwbUJZ5NRQC5M3hzG,596025,UXxRyNvTPr8
Coolio,Gangsta's Paradise,USTB10400128,7lQWRAjyhTpCWFC0jmclT4,83925339,fPO76Jlnz6c
TLC,Waterfalls,USLF29400133,6qspW4YKycviDFjHBOaqUY,1043894,8WEtxJ4-sh4
Eric Clapton,Change the World,USRE19600049,6BQNJ0JFKh8sWjQLI6Zudi,3614663,x11NA63gLDM
Tracy Chapman,Give Me One Reason,USEE19900169,4vDBJeeQCbhP9FaPPMsYkY,2477838,V6hQ9HSKlIE
Céline Dion,"Because You Loved Me (Theme from ""Up Close and Personal"")",CAC229600025,1NOeZ7ZIVKMebuza26rofd,14552288,O3XGynvy_V4
Whitney Houston,Exhale (Shoop Shoop),USAR19500118,40Jt7Gswodpx1WNddCpBDQ,969207,wrTuV4Szxzo
LeAnn Rimes,Blue,USCRB9900370,1g5EcKDECPxeI7kgkvcbxm,75768093,plxpY8KLA-Y
Alanis Morissette,Ironic,USMV20500296,29YBihzQOmat0U74k4ukdx,789250,Jne9t8sHpUc
The Smashing Pumpkins,1979,USVI21200910,5QLHGv0DfpeXLNFo7SFEy1,62791751,4aeETEoNfOg
Shawn Colvin,Sunny Came Home,USSM19601709,4mOxpj82q6n3EO7HBZCelX,6403459,qfKKBDFCiIA
No Doubt,Don't Speak,USIR19500279,7H8zey5My6uNdD2TxeCb9F,916259,TR3Vdo5etCQ
LeAnn Rimes,How Do I Live,USCRB9700025,7BD50ATrF3Vab5FQy7vtK8,75768217,hwK1n1AcM04
Paula Cole,Where Have All the Cowboys Gone ? (Remastered Version),USWB10601078,4EiZBnBOWr1RVsDew9zYOX,767861,JPR108kwNo4
R. Kelly,I Believe I Can Fly,USJI19610437,2RzJwBCXsS1VnjDm2jKKAa,629335,GIQn8pab8Vc
Sheryl Crow,Everyday Is A Winding Road,USAM19604368,7MV8ylzs47bcxolR4xLaD2,922064,khrx-zrG460
Hanson,MMMBop,USMR19786791,0YYbQESOOReEZjVzbYJtMC,2234287,NHozn0YXAeE
Céline Dion,"My Heart Will Go On (Love Theme from ""Titanic"")",CAC229700120,3oEHQmhvFLiE7ZYES0ulzv,1039986,EcU0qbV70rU
Aerosmith,I Don't Want To Miss A Thing,USSM19801545,225xvV8r1yKMHErSWivnow,624823,JkK8g6FMEXE
The Goo Goo Dolls,Iris,USWB19800160,6Qyc6fS4DsZjB2mRW9DsQs,4209117,NdYWuo9OFAw
Kirk Franklin,Lean On Me,USGC19802103,4IyemaA2yUElYlOiCV1vGC,15387604,PXBKaOkmQhw
Shania Twain,You're Still The One,USMR19887499,7wCH9DbgRs7ujHeqNy6oAS,2237135,KNZH-emehxA
Brandy,The Boy Is Mine (Radio Edit),USAT21205874,30lxTiMzVRxp6wLcTn6awC,92141164,Va1Y6uAgNJY
Madonna,Ray of Light,USWB19701738,4Fpsa3pYc3gozrxHRRPvR6,778704,x3ov9USxVxY
Santana,Smooth,USAR19900033,0n2SEXB2qoRQg171q7XqeW,956078,6Whgn_iE5uc
Backstreet Boys,I Want It That Way,USJI19910614,47BBI51FKFwOMlIiX6m8ya,956507,4fndeDfaWCg
Ricky Martin,Livin' la Vida Loca,NLB639920005,6zsUvdazZp3vF49lWFqxqs,956509,p47fEXGabaY
TLC,Unpretty,USLF29900143,0BUoLE4o9eVahDHvTqak67,956863,g2gy1Evb1Kg
Shania Twain,You've Got A Way,USMR19887506,5S88YTKTtvqmu3miSuwual,2237144,Cytj0nrLaCs
Cher,Believe,GBAHT9803002,2goLsvvODILDzeeiT4dAoR,786717,nZXRV4MezEw
TLC,No Scrubs,USLF29900479,1KGi9sZVMeszgZOWivFpxs,1075781,FrLequ6dUdM
U2,Beautiful Day,GBAAN0000196,0gzqZ9d1jIKo9psEIthwXe,1574190,co6WMzDOh1o
Destiny's Child,Say My Name,USSM19901056,7H6ev70Weq6DdpZyyTmUXk,580936,sQgd6MccwZc
Macy Gray,I Try,USSM19900346,5TAf4lnZCZTLlZHNZMLFLi,602353,WEQ0l_m3Xm0
Faith Hill,Breathe,USWB19902554,3y4LxiYMgDl4RethdzpmNe,6641040,yCmsZUN4r_s
Lee Ann Womack,I Hope You Dance,USMCN0000018,09k2b6shEz5Xd6cuo8DHWu,2288441,RV-Z1YwaOiw
Madonna,Music,USWB10002371,2fzykVsO2Di5jnofUNX3YE,781658,Sdz2oW0NMFk
*NSync,Bye Bye Bye,USJI10000001,4r8lRYnoOGdEi6YyI5OC1o,632447,Eo-KmOd3i7s
Alicia Keys,Fallin',USJAY0100057,3unsLiH5FXmaDWtT5Imolu,4301422,Urdlvw0SSEc
India.Arie,Video,USMO10000945,4oiAlcisfimXQc1wyAtX9a,2112973,Mq86e4Fhja0
Train,Drops of Jupiter,USSM10019751,2hKdd3qO7cWr2Jo0Bcs0MA,12000620,7Xf-Lesrkuc
U2,Stuck In A Moment You Can't Get Out Of,GBAAN0000226,1klDPm7SfsS32hl7KHV9iy,1574209,emFUtuotHL4
Nelly Furtado,I'm Like A Bird,USDW10021812,2tP7ZekzXfduShx8C6cbll,877407,roPQ_M3yJTA
U2,Walk On,GBAAN0000225,3pUWV5hvXsI9diJ9TeNeCh,2162745,gwKEdFoUB0o
OutKast,Ms. Jackson,USLF20000357,0I3q5fE6wg7LIfHGngUTnV,963042,MYxAiK6VnXw
Norah Jones,Don't Know Why,USBN20100529,6ybViy2qrO9sIi41EgRJgx,3130304,1LH4vnrM-Vs
Vanessa Carlton,A Thousand Miles,USIR10210955,4w1lzcaoZ1IC2K5TwjalRP,952781,Cwkej79U3ek
Avril Lavigne,Complicated,USAR10200223,5xEM5hIgJ1jjgcEBfpkt2F,996082,5NPBIwQyPWE
Bruce Springsteen,The Rising,USSM10209169,2czBvzOv3TvnyoW7Ozo7fP,15177994,6i-fiRgbpr4
Alan Jackson,Where Were You (When the World Stopped Turning),USAN20100234,3eSwvMfSA0Fyku6Ak5JEw0,533979,gPHnadJ-0hE
Eminem,Without Me,USIR10211038,7lQ8MOhq6IN2w8EYcFNSUk,916424,YVkUvmDQ3HY
Nelly,Dilemma (Album Version Explicit),USUR10200370,4nthV2eZAXnt4yiJMocLkG,909007,8WYHDfJDPDc
Nickelback,How You Remind Me,NLA321393034,0vur7myNcfUymUt6mHhNZe,71828723,1cQh1ccqu8M
Luther Vandross,Dance With My Father (Radio Version),USJAY0300056,7snmvZMLdGGk3l9PcvoYSM,2796270,wmDxJrggie8
Christina Aguilera,Beautiful,USRC10201067,3TCauNPqFiniaYHBvEVoHG,602339,eAfyFTzZDMM
Avril Lavigne,I'm with You,USAR10200224,1jlG3KJ3gdYmhfuySFfpO1,634358,dGR65RWwzg8
Warren Zevon,Keep Me in Your Heart,USAR50311099,6eceqMrRFKCnq7ksH2L7Wp,11536367,RMTKb-pgxGI
Eminem,Lose Yourself,USIR10211559,1v7L65Lzy0j0vdpRjJewt1,916555,_Yhyp-_hX2s
Coldplay,Clocks,GBAYE0200771,2Ygs64z9ywJGakuKU8tr6o,3098841,d020hcWA_Wg
Beyoncé,Crazy In Love,USSM10305425,5IVuqXILoxVWvWEPm82Jxr,609244,ViwtNLUqkMY
The Black Eyed Peas,Where Is The Love?,USIR10311862,1FreAz1lmnDi5aKLB6GdFM,929085,WpYeekQkAdc
OutKast,Hey Ya!,USAR10300924,3AszgPDZd9q0DpDFt4HFBy,604371,PWgvGjAhvIw
John Mayer,Daughters,USSM10310154,5FPnjikbwlDMULCCCa6ZCJ,556646,rZLbUIa7exE
Alicia Keys,If I Ain't Got You,USJAY0300452,3XVBdLihbNbxUwZosxcGuJ,629466,Ju8Hr50Ckwk
Kanye West,Jesus Walks,USDJ20400014,5g1vtHqi9uV7xtYeCcFOBx,1104671,MYF7H_fpc-g
Tim McGraw,Live Like You Were Dying,USCRB0406175,7B1QliUMZv7gSTUGAfMRRD,75766544,_9TShlMkQnc
Hoobastank,The Reason,USIR20300704,1lHtE5JDCas1EwXhQIMOIj,4255570,fV4DiAyExN0
Ray Charles,Here We Go Again (with Norah Jones),USC4R0405430,1jKW8H81OtWvWeQG5zoxWR,3129461,XD0E45V6KZc
The Black Eyed Peas,Let's Get It Started,USIR10400344,28jHD8xBLnN8esbroQ6zz8,952867,IKqV7DB8Iwg
Green Day,American Idiot,USRE10400888,6nTiIhLmQ3FWhvrGafw2zj,773367,Ee_uujKuJMI
Los Lonely Boys,Heaven (Album Version),USSM10315916,1XcUn5PE9d42zWamWgRG2x,10199768,wvkzoqQ5Oak
Usher,Yeah!,USAR10301423,5rb9QrpfcKFHM1EUbSIurX,603946,GxBSyx85Kp8
U2,Sometimes You Can't Make It On Your Own,GBAAN0400575,6fzcnVO0X2cpYjsHk19GJo,1574231,c0xAXSgxLUs
Mariah Carey,We Belong Together,USIR20500195,4EI8VuxUuIHKfafU72emqz,1170586,0habxsuXW4g
Rascal Flatts,Bless The Broken Road,USL2S0420150,0gKo3I4FCEY40X37Gdkcaf,3119912,lZp6pmgbZyU
Bruce Springsteen,Devils & Dust,USSM10501304,4YUSC63LMMUbaeLjcfT4Go,13163503,cG8ZQkeZvzc
John Legend,Ordinary People,USSM10411915,2ZA4uMlSZjaoWGFqP1tsLI,3958362,-1l0NYQUGHU
Green Day,Boulevard of Broken Dreams,USRE10401426,1hwJKpe0BPUsq6UUrwBWTw,6611231,Soa3gO7tL-c
Gorillaz,Feel Good Inc,GBAYE0500172,0d28khcov6AiegSCpG5TuT,3129407,HyHNuVaZJ-k
Gwen Stefani,Hollaback Girl,USIR10400847,0eqH0ALoDQevq59YcQ53KE,983450,Kgjkth6BRRY
Kanye West,Gold Digger,USUM70500143,1PS1QMdUqOal0ai3Gt7sDQ,1184309,6vwNcNOTVzY
Dixie Chicks,Not Ready to Make Nice,USSM10601030,6LCEyZZHFF4ebF1Mike1s5,7511318,pojL_35QlSI
Mary J. Blige,Be Without You,USUM70505512,7znGjMYHc3Fgb8MIDnDj1h,1161682,8XNaPX6MKlU
James Blunt,You're Beautiful,USAT20401588,0vg4WnUWvze6pBOJDTq99k,784321,oofSnsGkops
Corinne Bailey Rae,Put Your Records On,GBAYE0501671,2nGFzvICaeEWjIrBrL2RAx,3119484,rjOhZZyn30k
Carrie Underwood,"Jesus, Take the Wheel",GBCTA0500152,3lec3CzDPAxsZokPph5w87,13144320,lydBPm2KRaU
Gnarls Barkley,Crazy,GBAHT0600202,1vxw6aYJls2oq3gW0DujAo,2794160,bd2B6SjMh_w
Amy Winehouse,Rehab,GBUM70603730,1L5tZi0izXsi5Kk5OJf4W0,1125324,KUmZp8pR1uc
Carrie Underwood,Before He Cheats,GBCTA0500197,0ZUo4YjG4saFnEJhdWp9Bt,4253197,WaSy8yy-mr8
Plain White T's,Hey There Delilah,USHR10622325,0xM88xobymkMgg46MStfnV,3146149,h_m-BjrxmgI
Corinne Bailey Rae,Like A Star,GBAYE0501496,5Anh8jULgeUgciLHCR25Mk,3119482,gvH9Ccqk5qc
Rihanna,Umbrella,USUM70736771,49FYlytm3dAAraYgpoJZux,908991,CvBfHwUxHIk
Beyoncé,Irreplaceable,USSM10603620,6RX5iL93VZ5fKmyvNXvF1r,551209,2EwViQxSJJQ
Foo Fighters,The Pretender,USRW30700007,7x8dCjCr0x6x2lXKujYD34,4311597,SBjQ9tuuTJQ
Justin Timberlake,What Goes Around...Comes Around (Radio Edit),USJI10601102,0R03f3Axt495bkgGhivLEe,82299064,IC8qPpnD0uE
Coldplay,Viva La Vida,GBAYE0800265,1mea3bSkSGXuIRvnydlB5b,13444256,dvgZkm1xWPE
Estelle,American Boy,USAT20706210,22UDw8rSfLbUsaAGTXQ4Z8,462849482,Ic5vxw3eijY
Adele,Chasing Pavements,GBBKS0700574,2OuNgtXKeCSORKqdl0MxKk,940332,08DjMT-qR9g
Jason Mraz,I'm Yours,USEE10800667,1EzrEOXmMH3G43AXT1y7pA,786778,EkHTsc9PU2A
Sara Bareilles,Love Song,USSM10700066,4E6cwWJWZw2zWf7VFbH7wf,5496741,qi7Yh16dA0w
Alison Krauss,Please Read The Letter,USRO20707507,1m5N9YCZL4BXuSXdYmhRaj,585796262,L3Xi5gvZ7Kk
Leona Lewis,Bleeding Love,GBHMU0700049,7wZUrN8oemZfsEd1CGkbXE,365067,7_weSk0BonM
M.I.A.,Paper Planes,GBBKS0700215,1wgqttlPacpvmX5DKVboOa,943376,ewRjZoRtu0Y
Beyoncé,Single Ladies (Put a Ring on It),USSM10803760,5R9a4t5t5O0IsznsrKPVro,2485118,4m1EFMoRFvY
Lady Gaga,Poker Face,USUM70824409,1QV6tiMFM6fSOKOGLMHYYg,2204387,bESGLojNYSo
Maxwell,Pretty Wings,USSM10902047,6HXtm1GNMRYMP5PjE6hY8r,68075405,eGr9SNcygTw
Kings of Leon,Use Somebody,USRC10800301,5VGlqQANWDKJFl0MBG3sg2,2924841,gnhXHvRoUd0
Taylor Swift,You Belong With Me,USCJY0803328,1GEBsLDvJGw7kviySRI6GX,2802227,VuNIsY6JdUw
Beyoncé,Halo,USSM10804556,2CvOqDpQIMw69cCzWqr5yr,2485108,bnVUHWCynig
The Black Eyed Peas,I Gotta Feeling,USUM70965169,4kLLWz7srcuLKA7Et40PQR,3788311,uSD4vsh1zDA
Lady Antebellum,Need You Now,USCN10900695,7GAaTpSoTWUTbP2Yxlt4Hd,5902858,eM213aMKTHg
Ray LaMontagne And The Pariah Dogs,Beg Steal or Borrow,USRC11000407,7fMYBrlKl9mkcMTUGT4j6l,6820520,O8_fGCCitEc
CeeLo Green,Fuck You,USAT21001785,1nRW87WHllEWEJr8mlP3ye,7303269,k2ufdwRMy4I
Miranda Lambert,The House That Built Me,USG4X0900074,02eD9ymfJOJOhM97HYp5R9,4220191,DQYNM6SjD_o
Eminem,Love The Way You Lie,USUM71015397,15JINEqzVMv3SvJTAXAKED,6461440,uelHwf8o7_U
B.o.B,Nothin' on You (feat. Bruno Mars),USAT20904033,4X5xWMINgGA6l0GoyYkMcr,6461682,8PTDv_szmL0
"Jay-Z, Alicia Keys",Empire State Of Mind,,2igwFfvr1OAGX9SKDCPBwO,,vz2fsJ0CyaU
Adele,Rolling In The Deep,GBBKS1000335,1eq1wUnLVLg4pdEfx9kajC,8086126,rYEDA3JcQqw
Kanye West,All Of The Lights,USUM71027273,22L7bfCiAkJo5xGSQgmiIO,7667061,HAfFfqiYLp0
Mumford & Sons,The Cave,GBUM70909075,2F79HavLHwJlfvvJOkkIQD,62252102,oMO4xdOS5jY
Bruno Mars,Grenade,USAT21001883,4lLtanYk6tkMvooU0tWzG8,8011849,SR6iYWJxHqs
Bon Iver,Holocene,US38Y1113503,05lBuZWQ2OhQuzoCSIkvUF,12292198,TWcyIpul8OE
Katy Perry,Firework,USCA21001262,1mXuMM6zjPgjL4asbBsgnt,13460186,QGJuMBdaqIw
fun.,We Are Young (feat. Janelle Monáe),USAT21101399,5rgy6ghBq1eRApCkeUdJXf,13975778,Sv6dMFF_yts
Ed Sheeran,The A Team,GBAHS1100095,1VdZ0vKfR5jneCmWIUAMxK,12254286,UAWcs5H-qgQ
Miguel,Adorn,USRC11200647,5hJFhO9dvhJoDvUZZ9iWSw,51867991,8dM5QYdTo08
Carly Rae Jepsen,Call Me Maybe,CAB391100615,20I6sIOMTCkB6w7ryavxtO,17161676,fWNaR-rxAic
Kelly Clarkson,Stronger (What Doesn't Kill You),GBCTA1100364,1nInOsHbtotAmEOQhtvnzP,14241633,Xn676-fLq7I
Gotye,Somebody That I Used To Know (feat. Kimbra),AUZS21100040,6UxSmGD3Ys7BIpbUpSERBM,14720167,8UVNT4wvIGY
The Black Keys,Lonely Boy,USNO11100273,5G1sTBGbZT5o4PNRc75RKI,14380718,a_426RiwST8
Frank Ocean,Thinkin Bout You,USUM71202995,7ehvyx8K9ZRbOofjeUyIic,17881414,WR9OubA_MqA
Taylor Swift,We Are Never Ever Getting Back Together,USCJY1231018,6kISMRfweKSvgHR0urMQFG,477112952,WA4iX5D9Z64
Lorde,Royals,NZUM71200031,2dLLR6qlu5UJ5gk0dKz0h3,70403437,nlcIKh6sBtc
P!nk,Just Give Me a Reason,USRC11200786,1mKXFLRA179hdOWQBwUk9e,60137451,OpQFFLBMEPI
Bruno Mars,Locked Out of Heaven,USAT21203287,3w3y8KPTfNeOKPiqUTakBh,62724015,e-fA-gBCkj0
Katy Perry,Roar,USUM71308669,6F5c58TMEs1byxUstkzVeM,69863090,CevxZvSJLk8
Macklemore & Ryan Lewis,Same Love (feat. Mary Lambert),GMM881200005,5oLyUnHXzkgBzcEr73hiaC,61424047,hlVBg7_08n0
Daft Punk,Get Lucky,USQX91300108,69kOkLUCkxIZYexIgSG8rq,67238735,5NV6Rdv1a3I
Imagine Dragons,Radioactive,USUM71201074,62yJjFtgkhUrXktIoSjgP2,63510358,ktvTqknDobU
Robin Thicke,Blurred Lines,USUM71307668,0n4bITAu0Y0nigrz3MFJMb,69261424,yyDUC1LUXSU
Sam Smith,Stay With Me (Darkchild Version),GBUM71401356,5d2Q8PGtmcrRewQPXNbr4w,77834707,TkgE5HPaQ1I
Hozier,Take Me To Church,IEACJ1300031,3dYD57lRAUcMHufyqn9GcI,84791735,PVjiKRfKpPI
Sia,Chandelier,USRC11400498,4VrWlk8IQxevMvERoX08iC,75947120,2vjPBrBU-TM
Taylor Swift,Shake It Off,USCJY1431349,0cqRj7pUJDkTCEsJkx8snD,89077529,nfWlot6h_JM
Meghan Trainor,All About That Bass,USSM11401317,5jSlcXdUGLWOV2pSfYYiBs,84490455,7PCkvCPvDXk
Iggy Azalea,Fancy,GBUM71400597,3W3KtDwAIg3mAruSpnfG3Q,77349222,O-zpOMYRi0w
Ed Sheeran,Thinking out Loud,GBAHS1400099,34gCuhDGsG4bRPIf9bb02f,79875064,lp-EO5I60KA
Kendrick Lamar,Alright,USUM71502498,3iVcZ5G6tvkXZkZKlMpIUs,97206068,Z-48u_uWMHY
Taylor Swift,Blank Space,USCJY1431309,1u8c2t2Cy7UBoG4ArRcF5g,89077521,e-ORhEE9VVg
Little Big Town,Girl Crush,USUG11401286,4EmFEnSymonYQIMjhNSHvc,87487681,JYZMT8otKdI
Wiz Khalifa,See You Again (feat. Charlie Puth),USAT21703595,2JzZzZUQj3Qff7wapcbKjc,658671812,RgKAFK5djSk
Mark Ronson,Uptown Funk,GBARL1401524,32OlwWuMpZ6b0aN2RZOeMS,89779813,OPf0YbXqDm0
D'Angelo and The Vanguard,Really Love,USRC11403099,2RcanAJpudPNDkyIe9DzKS,92298790,mVsQwJfWzoI
The Weeknd,Can't Feel My Face,USUG11500741,22VdIZQfgXJea34mQxlt81,106506516,KEI4qSrkPAs
Adele,Hello,GBBKS1500214,4aebBr4JAihzJQR0CiIZJv,138545995,YQHsXMglC9A
Beyoncé,Formation,USSM11603186,6g0Orsxv6glTJCt4cHsRsQ,669486732,WDZJPJV__bQ
Mike Posner,I Took A Pill In Ibiza,USUM71503636,7zzoxJbgjme3366mOp5UnH,124550818,41GZVVcxQps
Justin Bieber,Love Yourself,USUM71516761,50kpGaPAhYJ3sGmk6vplg0,112662272,oyEuk8j8imI
Lukas Graham,7 Years,USWB11506516,0VQjTLPG8l3egUHmIxe265,121239412,LHCob76kigA
Rihanna,Work,QM5FT1600116,14WWzenpaEgQZlqPq2nk4v,118190298,HL1UzIK-flA
Twenty One Pilots,Stressed Out,USAT21500597,3CRDbSIZ4r5MsZ0YwxuEkn,98792382,pXRviuL6vMY
Bruno Mars,That's What I Like,USAT21602948,0KKkJNfGyhkQ5aFogxQAPU,136336116,PMivT7MJ41M
Luis Fonsi,Despacito,USUM71607007,6habFhsOp2NvshLv26DqMb,142342961,72UO0v5ESUo
Jay-Z,4:44,,1gT5TGwbkkkUliNzHRIGi1,,zSkA61esq_c
Julia Michaels,Issues,USUM71615691,0xG0SHshCStMEyNbNC5d4k,139874527,9Ke4480MicU
Logic,1-800-273-8255,USUM71702778,5tz69p7tJuGPeMGwNTxYuV,357859971,Kb24RrHIbFk
Bruno Mars,24K Magic,USAT21602944,6b8Be6ljOzmkOmFslEb23P,133661814,UqyT8IEBkvY
Childish Gambino,Redbone,USYAH1600107,0wXuerDYiBnERgIpbb3JBR,137231520,Kp7eSUU9oy8
Jay-Z,The Story Of O.J.,,6JpN5w95em8SODPiM7W2PH,,RM7lw0Ovzq0
Kendrick Lamar,HUMBLE.,USUM71703085,7KXjTSCq5nL1LoYtL7XAwS,350171311,tvTRZJ-4EyI
Childish Gambino,This Is America,USRC11801773,0b9oOr2ZgvyQu88wzixux9,496157642,VYOjWnS4cMY
Kendrick Lamar,All The Stars,USUM71713947,3GCdLUSnKSMJhs4Tj6CV3s,446082632,GfCqMv--ncA
Ella Mai,Boo'd Up,USUM71700987,0At2qAoaVjIwWNAqrscXli,142915972,6YNZlXfW6Ho
Drake,God's Plan,USCM51800004,6DCZcSspjsKoFjzjrWoCdn,533609232,xpVfcZ0ZcFM
Shawn Mendes,In My Blood,USUM71803183,2QZ7WLBE8h2y1Y5Fb8RYbH,487027762,36tggrpRoTI
Brandi Carlile,The Joke,USAT21704692,37nD8NJhod8BEZ6EGYo2gT,425675002,5r6A2NexF88
ZEDD,The Middle,USUM71800463,09IStsImFySgyp0pIQdqAc,451254022,Lj6Y6JCu-l4
Lady Gaga,Shallow,USUM71813192,2VxeLyX666F8uXCJ0dZF8B,561856742,bo_efYhYU2A
Cardi B,I Like It,USAT21801431,58q2HKrzhC3ozto2nDdN4z,482986842,xTlNMmZKwpA
Post Malone,rockstar,USUM71710087,0e7ipj03S05BNilyu5bRzt,414915632,UceaB4D0jpo
